{"cameraMode":{"drawMode":0,"name":"Shaded","section":"Shading Mode"},"sceneLighting":true,"audioPlay":false,"sceneViewState":{"m_AlwaysRefresh":false,"showFog":true,"showSkybox":true,"showFlares":true,"showImageEffects":true,"showParticleSystems":true,"showVisualEffectGraphs":true,"m_FxEnabled":true},"in2DMode":false,"pivot":{"x":-0.2497764676809311,"y":0.44768252968788149,"z":1.2907360792160035},"rotation":{"x":-0.023940596729516984,"y":-0.97575843334198,"z":0.1657978892326355,"w":-0.14088372886180879},"size":1.207395076751709,"orthographic":false}